City_ID,City,Lat,Lng,Max Temp,Humidity,Cloudiness,Wind Speed,Country,Date
0,lazaro cardenas,17.9583,-102.2,29.65,72,60,4.47,MX,1688946138
1,grytviken,-54.2811,-36.5092,-5.89,82,18,3.97,GS,1688945951
2,albany,42.6001,-73.9662,21.14,93,100,0.61,US,1688946177
3,new glasgow,45.5834,-62.6486,20.88,89,26,2.28,CA,1688946177
4,severobaykal'sk,55.65,109.3167,16.65,75,97,0.97,RU,1688946178
5,tiksi,71.6872,128.8694,5.59,63,49,3.26,RU,1688945933
6,new norfolk,-42.7826,147.0587,11.51,74,95,3.35,AU,1688946040
7,peace river,56.2501,-117.286,31.17,37,20,2.57,CA,1688946179
8,kodiak,57.79,-152.4072,9.73,81,100,7.2,US,1688946179
9,isafjordur,66.0755,-23.124,11.9,69,55,0.68,IS,1688946180
10,waitangi,-43.9535,-176.5597,11.57,85,95,4.02,NZ,1688945929
11,lebu,-37.6167,-73.65,8.39,73,5,2.81,CL,1688946180
12,edinburgh of the seven seas,-37.0676,-12.3116,15.6,81,100,10.89,SH,1688945930
13,ilha de mocambique,-15.0342,40.7358,24.06,62,0,1.78,MZ,1688946181
14,gizo,-8.103,156.8419,28.06,79,100,5.45,SB,1688946181
15,fort st. john,56.2499,-120.8529,31.94,23,75,5.14,CA,1688946016
16,pucon,-39.2822,-71.9543,5.56,92,98,1.05,CL,1688946160
17,kitimat,54.0524,-128.6534,28.21,69,68,4.47,CA,1688946182
18,uturoa,-16.7333,-151.4333,26.63,81,100,9.38,PF,1688946182
19,bilibino,68.0546,166.4372,16.4,51,100,2.28,RU,1688946182
20,opuwo,-18.0607,13.84,13.77,25,0,2.98,NA,1688946003
21,ushuaia,-54.8,-68.3,2.81,81,75,6.69,AR,1688946183
22,toliara,-23.35,43.6667,20.03,74,33,1.86,MG,1688946183
23,hinche,19.15,-72.0167,23.46,84,94,0.92,HT,1688946184
24,ad dilam,23.9915,47.1627,33.23,12,14,3.34,SA,1688946184
25,merritt island,28.5392,-80.672,30.02,85,0,3.09,US,1688946184
26,hamilton,39.1834,-84.5333,25.69,59,0,5.66,US,1688945960
27,puerto baquerizo moreno,-0.9,-89.6,24.83,78,68,5.72,EC,1688945988
28,acarau,-2.8856,-40.12,25.83,80,27,7.58,BR,1688946185
29,weno,7.4515,151.8468,28.97,84,100,2.57,FM,1688946185
30,harpswell center,43.8018,-69.9842,21.9,84,100,2.07,US,1688946185
31,lautoka,-17.6167,177.4667,28.92,48,20,1.03,FJ,1688945639
32,tazovsky,67.4667,78.7,6.67,78,22,4.45,RU,1688946186
33,flying fish cove,-10.4217,105.6791,24.82,94,100,5.66,CX,1688946186
34,lompoc,34.6391,-120.4579,25.99,73,40,9.83,US,1688946186
35,flin flon,54.7682,-101.865,17.91,36,75,5.66,CA,1688946013
36,ribeira grande,38.5167,-28.7,21.54,94,86,2.68,PT,1688946186
37,adamstown,-25.066,-130.1015,21.55,68,100,5.52,PN,1688946187
38,olonkinbyen,70.9221,-8.7187,2.46,97,100,10.19,SJ,1688946187
39,lishui,28.4604,119.9103,30.06,71,99,1.45,CN,1688946105
40,jamestown,42.097,-79.2353,22.8,69,100,3.09,US,1688946187
41,nantucket,41.2835,-70.0995,24.03,96,100,2.06,US,1688946187
42,wailua homesteads,22.0669,-159.378,29.44,64,75,8.23,US,1688946188
43,fort bragg,35.139,-79.006,28.84,75,0,3.09,US,1688946188
44,tavricheskoye,54.5851,73.6395,18.95,77,34,2.27,RU,1688946188
45,puerto natales,-51.7236,-72.4875,-1.85,93,14,1.22,CL,1688946188
46,caleta de carquin,-11.0925,-77.6267,20.59,80,3,4.56,PE,1688945950
47,hithadhoo,-0.6,73.0833,27.02,72,15,0.68,MV,1688946189
48,papatowai,-46.5619,169.4708,10.08,76,98,0.67,NZ,1688945968
49,port-aux-francais,-49.35,70.2167,2.27,64,92,10.44,TF,1688946189
50,iqaluit,63.7506,-68.5145,5.85,86,75,3.09,CA,1688946007
51,quellon,-43.1167,-73.6167,4.14,93,0,2.06,CL,1688946168
52,hawaiian paradise park,19.5933,-154.9731,27.8,66,75,2.57,US,1688946190
53,susuman,62.7833,148.1667,5.23,66,100,3.93,RU,1688946027
54,blackmans bay,-43.0167,147.3167,10.85,91,95,4.3,AU,1688946190
55,bredasdorp,-34.5322,20.0403,9.36,75,71,1.14,ZA,1688945966
56,claveria,18.6074,121.0832,29.24,69,4,2.61,PH,1688946190
57,lensk,60.7253,114.9278,22.62,45,17,1.73,RU,1688946191
58,conception bay south,47.4999,-52.9981,13.36,95,29,1.64,CA,1688946191
59,rikaze,29.25,88.8833,16.1,50,100,1.23,CN,1688946191
60,pointe-noire,-4.7761,11.8635,21.04,94,40,2.06,CG,1688946191
61,puerto ayora,-0.7393,-90.3518,25.86,92,75,2.68,EC,1688945949
62,tumaco,1.7986,-78.8156,26.3,86,25,3.2,CO,1688946192
63,tolanaro,-25.0319,46.9987,19.04,94,40,2.06,MG,1688946192
64,talnakh,69.4865,88.3972,10.67,82,100,3.54,RU,1688946192
65,lihue,21.9789,-159.3672,29.77,57,75,8.23,US,1688946192
66,el eulma,36.1528,5.6902,28.34,32,55,3.16,DZ,1688946193
67,manistee,44.2445,-86.3242,23.97,65,0,2.06,US,1688946193
68,kone,-21.0595,164.8658,23.7,52,69,2.83,NC,1688946016
69,tromso,69.6496,18.957,9.1,81,56,0.51,NO,1688946194
70,matoury,4.8483,-52.3317,24.98,88,20,0.0,GF,1688946194
71,invercargill,-46.4,168.35,8.29,82,18,2.02,NZ,1688945959
72,carnarvon,-24.8667,113.6333,14.75,39,0,5.49,AU,1688946194
73,georgetown,5.4112,100.3354,26.96,92,20,0.51,MY,1688946195
74,aasiaat,68.7098,-52.8699,4.91,95,100,3.62,GL,1688946195
75,bethel,41.3712,-73.414,24.0,87,100,2.06,US,1688945934
76,ryotsu-minato,38.0833,138.4333,25.02,89,100,4.82,JP,1688946172
77,mumford,5.2618,-0.759,24.04,90,95,2.87,GH,1688946195
78,port-gentil,-0.7193,8.7815,21.98,94,20,4.12,GA,1688946196
79,sinop,41.7711,34.8709,17.1,98,100,1.75,TR,1688946196
80,buarcos,40.166,-8.8768,17.19,91,2,4.78,PT,1688946196
81,revelstoke,50.9832,-118.2023,32.01,29,20,3.6,CA,1688946197
82,iskateley,67.6803,53.1512,5.83,88,100,2.85,RU,1688946018
83,weissenhorn,48.305,10.1605,21.23,70,49,2.99,DE,1688946197
84,yerofey pavlovich,53.9667,121.9667,22.11,33,0,1.6,RU,1688946197
85,polyarnyy,69.1989,33.4478,5.6,84,28,0.94,RU,1688946018
86,sosnovka,56.255,51.2842,18.62,96,100,3.47,RU,1688946198
87,avarua,-21.2078,-159.775,28.03,78,4,5.14,CK,1688946198
88,zossen,52.2167,13.45,23.86,59,0,2.57,DE,1688946198
89,santa luzia,-19.7697,-43.8514,22.5,52,0,1.54,BR,1688946198
90,vorkuta,67.5,64.0,6.34,79,83,3.92,RU,1688946198
91,port alfred,-33.5906,26.891,12.32,74,84,3.58,ZA,1688946048
92,stanley,54.868,-1.6985,13.01,92,0,1.03,GB,1688946199
93,guer,47.9062,-2.1231,16.61,95,2,2.26,FR,1688946199
94,kilindoni,-7.9139,39.6668,24.82,77,12,3.91,TZ,1688946060
95,tezu,27.9167,96.1667,25.94,86,100,0.46,IN,1688946200
96,halifax,44.6453,-63.5724,24.94,90,54,2.57,CA,1688946200
97,sola,-13.8833,167.55,25.74,76,80,9.26,VU,1688946201
98,bonthe,7.5264,-12.505,24.81,90,100,3.3,SL,1688946201
99,geraldton,-28.7667,114.6,7.23,93,0,4.63,AU,1688945987
100,lakatoro,-16.0999,167.4164,26.7,58,12,5.46,VU,1688946201
101,ust'-kulom,61.6864,53.6902,11.3,87,100,2.3,RU,1688946202
102,franceville,-1.6333,13.5836,24.74,65,79,1.06,GA,1688946202
103,kruisfontein,-34.0033,24.7314,8.27,78,45,3.21,ZA,1688946076
104,tamanrasset,22.785,5.5228,28.95,14,0,2.57,DZ,1688946203
105,saint-philippe,-21.3585,55.7679,19.77,75,65,4.1,RE,1688945996
106,utrik,11.2278,169.8474,28.37,78,71,7.2,MH,1688946203
107,port mathurin,-19.6833,63.4167,23.52,63,29,10.31,MU,1688946203
108,ilulissat,69.2167,-51.1,12.01,62,100,0.0,GL,1688946204
109,tual,-5.6667,132.75,26.61,85,95,8.99,ID,1688946204
110,mendoza,-32.8908,-68.8272,10.74,62,0,1.03,AR,1688946121
111,khandyga,62.6667,135.6,17.97,34,57,2.39,RU,1688946034
112,qaqortoq,60.7167,-46.0333,9.46,71,14,0.86,GL,1688946205
113,santa rosalia,27.3167,-112.2833,30.88,57,4,4.01,MX,1688946205
114,yellowknife,62.456,-114.3525,18.29,32,75,7.2,CA,1688945971
115,vila velha,-20.3297,-40.2925,22.19,86,0,3.6,BR,1688946073
116,ust-nera,64.5667,143.2,10.59,45,14,2.03,RU,1688946205
117,san patricio,28.017,-97.5169,34.05,58,18,7.43,US,1688946206
118,sandnessjoen,66.0217,12.6316,11.47,89,76,1.34,NO,1688946206
119,chabahar,25.2919,60.643,28.45,79,64,5.38,IR,1688946206
120,bamboo flat,11.7,92.7167,24.05,100,75,1.03,IN,1688946206
121,corn island,12.1694,-83.0418,27.86,83,100,6.24,NI,1688946207
122,freetown,8.484,-13.2299,25.43,87,100,3.51,SL,1688946066
123,constantia,44.1833,28.65,18.38,58,22,4.93,RO,1688946207
124,chonglong,29.7806,104.8522,27.76,82,86,1.48,CN,1688946207
125,daru,-9.0763,143.2092,26.02,79,87,7.98,PG,1688946059
126,arkhangel'sk,64.5401,40.5433,5.18,85,88,2.5,RU,1688945937
127,mar del plata,-38.0023,-57.5575,8.94,92,75,3.58,AR,1688945979
128,haiku-pauwela,20.9219,-156.3051,28.01,56,20,9.26,US,1688946208
129,college,64.8569,-147.8028,25.88,42,75,1.54,US,1688946208
130,balasore,21.4942,86.9317,28.97,72,100,2.3,IN,1688946209
131,kasempa,-13.4584,25.8338,12.51,42,0,1.68,ZM,1688946209
132,mount gambier,-37.8333,140.7667,12.29,82,100,4.46,AU,1688945984
133,bunia,1.5667,30.25,16.34,82,53,0.66,CD,1688946209
134,west island,-12.1568,96.8225,24.99,69,40,5.14,CC,1688946210
135,ixtapa,20.7,-105.2,32.9,70,75,2.57,MX,1688946210
136,fish town,5.1964,-7.8756,21.46,99,87,1.31,LR,1688946210
137,anadyr,64.75,177.4833,18.28,45,20,3.0,RU,1688946210
138,zaragoza,41.6561,-0.8773,26.12,55,0,8.23,ES,1688946210
139,offa,8.15,4.7167,20.81,99,99,1.87,NG,1688946208
140,mount pearl,47.5166,-52.7813,13.03,96,100,3.6,CA,1688946213
141,oistins,13.0667,-59.5333,28.05,83,40,9.77,BB,1688945991
142,alofi,-19.0595,-169.9187,25.94,78,81,5.14,NU,1688946213
143,palmer,42.1584,-72.3287,25.23,80,100,0.0,US,1688946213
144,hobyo,5.3505,48.5268,25.21,78,74,12.03,SO,1688946213
145,portland,45.5234,-122.6762,31.94,40,20,3.6,US,1688946214
146,lampazos de naranjo,27.0167,-100.5167,39.45,24,0,7.06,MX,1688946214
147,parnamirim,-5.9156,-35.2628,24.94,94,40,4.63,BR,1688946172
148,afaahiti,-17.75,-149.2833,26.93,84,94,10.39,PF,1688946214
149,east london,-33.0153,27.9116,13.66,59,95,8.36,ZA,1688946215
150,klyuchi,52.2667,79.1667,17.71,55,71,3.47,RU,1688946215
151,kouroussa,10.65,-9.8833,22.72,94,71,1.09,GN,1688946215
152,margaret river,-33.95,115.0667,15.57,81,38,6.68,AU,1688946215
153,fale old settlement,-9.3852,-171.2468,28.8,76,100,7.07,TK,1688946215
154,villa ojo de agua,-29.5,-63.6938,14.0,97,100,3.77,AR,1688946064
155,bonny,4.4522,7.1681,24.91,88,99,2.84,NG,1688946216
156,bashmakovo,53.2133,43.0342,18.49,98,70,2.45,RU,1688946216
157,i-n-salah,27.1935,2.4607,36.08,12,0,7.94,DZ,1688946216
158,kerikeri,-35.2268,173.9474,15.51,89,43,1.34,NZ,1688946217
159,cururupu,-1.8283,-44.8683,23.51,95,14,1.42,BR,1688946217
160,udachny,66.4167,112.4,23.03,46,14,9.03,RU,1688946217
161,vorgashor,67.5833,63.95,5.99,79,83,4.11,RU,1688946217
162,port lincoln,-34.7333,135.8667,14.37,72,77,6.53,AU,1688946217
163,cill airne,52.05,-9.5167,13.24,85,98,2.26,IE,1688946218
164,fauske,67.2588,15.3918,9.02,87,60,0.68,NO,1688946218
165,beyneu,45.3167,55.2,29.18,24,100,4.88,KZ,1688946218
166,berezovyy,51.6667,135.7,22.17,47,82,3.08,RU,1688946218
167,thompson,55.7435,-97.8558,12.09,66,75,3.6,CA,1688945995
168,oliver,49.1831,-119.5524,32.14,27,44,2.57,CA,1688946219
169,touros,-5.1989,-35.4608,25.16,82,9,4.94,BR,1688946024
170,dauphin,51.1494,-100.0502,17.08,72,100,3.09,CA,1688946064
171,queenstown,-31.8976,26.8753,3.67,90,100,2.38,ZA,1688946033
172,leer,53.2316,7.461,18.86,96,99,1.57,DE,1688946142
173,riosucio,5.4216,-75.7032,16.28,95,66,0.66,CO,1688946220
174,nova sintra,14.8667,-24.7167,21.9,80,21,10.08,CV,1688946220
175,remire-montjoly,4.9167,-52.2667,25.02,88,20,0.0,GF,1688946160
176,la paz,-16.5,-68.15,11.99,14,60,2.06,BO,1688946008
177,hola,51.5377,23.1902,14.34,100,1,1.8,PL,1688946221
178,beloyarskiy,63.7119,66.6722,13.39,97,98,2.74,RU,1688946213
179,tuy hoa,13.0833,109.3,25.53,81,97,2.36,VN,1688946222
180,aras-asan,8.8908,126.3033,27.92,74,88,0.55,PH,1688946222
181,san sebastian de la gomera,28.0916,-17.1133,24.2,73,0,2.57,ES,1688946222
182,dhidhdhoo,6.8833,73.1,28.16,74,62,5.86,MV,1688946222
183,ringkobing,56.0901,8.244,18.34,88,100,1.49,DK,1688946223
184,scarborough,54.2797,-0.4044,13.85,90,44,0.89,GB,1688946223
185,petropavlovsk-kamchatsky,53.0452,158.6483,14.33,88,75,3.0,RU,1688945945
186,atafu village,-8.5421,-172.5159,28.94,77,100,7.4,TK,1688945999
187,pisco,-13.7,-76.2167,20.03,77,0,5.66,PE,1688946224
188,callao,-12.0667,-77.15,23.18,73,0,6.17,PE,1688946203
189,jinghong,21.991,100.7341,22.4,97,100,0.33,CN,1688946225
190,dryden,49.7833,-92.7503,18.16,72,100,6.69,CA,1688946225
191,kutum,14.2,24.6667,24.31,56,99,2.53,SD,1688946042
192,kachug,53.9606,105.8817,18.72,90,100,0.89,RU,1688946225
193,ha'il,27.5219,41.6907,27.01,19,0,2.06,SA,1688946008
194,longyearbyen,78.2186,15.6401,6.91,81,75,4.12,SJ,1688945953
195,tshabong,-26.05,22.45,1.96,44,0,4.44,BW,1688946226
196,ulsteinvik,62.3432,5.8487,18.51,78,60,1.34,NO,1688946226
197,paradise point,-27.8863,153.3957,18.02,66,24,0.89,AU,1688946227
198,saurimo,-9.6608,20.3916,14.82,41,0,2.52,AO,1688946227
199,badger,64.8,-147.5333,24.43,38,0,1.54,US,1688945965
200,olyokminsk,60.3736,120.4264,22.68,40,56,1.67,RU,1688946227
201,silver city,32.7701,-108.2803,34.98,20,0,4.02,US,1688946227
202,danshui,22.7984,114.4672,29.64,75,13,1.9,CN,1688946198
203,la sarre,48.8002,-79.1996,17.85,85,51,2.18,CA,1688946228
204,canutama,-6.5339,-64.3831,28.54,56,60,1.42,BR,1688946229
205,jayapura,-2.5333,140.7,26.66,89,100,1.06,ID,1688945518
206,codrington,-38.2667,141.9667,11.19,92,100,5.9,AU,1688946229
207,liberal,37.0431,-100.921,25.58,61,0,4.63,US,1688946229
208,chadron,42.8294,-102.9999,27.86,43,0,1.79,US,1688946229
209,ciudad bolivar,8.1222,-63.5497,27.08,77,90,5.17,VE,1688946230
210,inhambane,-23.865,35.3833,20.63,86,1,5.14,MZ,1688946230
211,lodeynoye pole,60.726,33.5531,10.42,77,65,3.17,RU,1688946230
212,nahiyat al fuhud,30.9697,46.7228,35.4,17,0,4.15,IQ,1688946231
213,tura,25.5198,90.2201,23.97,97,92,2.1,IN,1688946231
214,port elizabeth,-33.918,25.5701,12.16,75,40,4.12,ZA,1688945946
215,mermoz boabab,14.7065,-17.4758,27.31,83,75,4.12,SN,1688946231
216,tynda,55.1667,124.7167,18.39,48,0,2.57,RU,1688946231
217,bandarbeyla,9.4942,50.8122,25.34,75,93,12.2,SO,1688946232
218,korla,41.7597,86.1469,23.02,51,100,4.82,CN,1688946232
219,follonica,42.9263,10.7616,27.72,81,0,1.13,IT,1688946101
220,fraserburgh,57.6874,-2.0184,13.4,95,42,2.53,GB,1688946232
221,general pico,-35.6566,-63.7568,12.7,53,89,3.38,AR,1688946232
222,rongelap,11.1635,166.8941,28.33,77,100,7.4,MH,1688946233
223,whitehorse,60.7161,-135.0538,29.5,15,20,1.03,CA,1688946002
224,kuressaare,58.2481,22.5039,12.23,93,2,1.03,EE,1688946233
225,newman,37.3138,-121.0208,31.19,18,0,4.25,US,1688946042
226,santa ana de yacuma,-13.75,-65.4333,28.97,70,20,0.0,BO,1688946235
227,colonia,50.9333,6.95,21.36,82,75,0.51,DE,1688946181
228,chibougamau,49.9168,-74.3659,20.79,68,75,2.06,CA,1688946235
229,kirando,-7.4167,30.6,21.47,58,5,2.28,TZ,1688946237
230,beira,-19.8436,34.8389,20.2,90,1,3.82,MZ,1688946222
231,kamiiso,41.8167,140.65,21.21,100,75,2.57,JP,1688946237
232,st. john's,47.5649,-52.7093,13.49,96,100,3.6,CA,1688946237
233,san antonio de pale,-1.4014,5.6325,23.24,78,93,3.45,GQ,1688946237
234,sao joao da barra,-21.6403,-41.0511,22.05,86,73,4.29,BR,1688946059
235,santa ana,33.7456,-117.8678,34.12,56,0,4.63,US,1688946238
236,namibe,-15.1961,12.1522,16.78,86,2,1.09,AO,1688946239
237,nchelenge,-9.3451,28.734,18.04,65,1,1.69,ZM,1688946239
238,arraial do cabo,-22.9661,-42.0278,21.11,83,100,3.9,BR,1688946239
239,alice springs,-23.7,133.8833,8.75,87,0,5.83,AU,1688946239
240,katsuura,35.1333,140.3,27.36,83,78,7.74,JP,1688946239
241,coquimbo,-29.9533,-71.3436,12.85,94,0,2.06,CL,1688946240
242,villa gesell,-37.2639,-56.973,9.47,89,77,2.77,AR,1688946241
243,copiapo,-27.3667,-70.3333,10.83,62,100,0.39,CL,1688946241
244,west bay,19.3667,-81.4167,31.04,72,20,4.12,KY,1688946241
245,nurota,40.5614,65.6886,24.41,29,0,3.54,UZ,1688946241
246,hermanus,-34.4187,19.2345,7.11,69,68,2.87,ZA,1688946241
247,waddan,29.1614,16.139,28.46,33,0,3.05,LY,1688946242
248,kirakira,-10.4544,161.9205,28.42,75,65,6.56,SB,1688945953
249,cabo san lucas,22.8909,-109.9124,31.45,77,88,7.28,MX,1688946196
250,naxos,37.1056,25.3764,24.61,81,0,5.36,GR,1688946242
251,kitee,62.1,30.15,8.1,82,64,2.12,FI,1688946242
252,nemuro,43.3236,145.575,16.09,97,100,2.71,JP,1688946243
253,happy valley-goose bay,53.3168,-60.3315,21.17,73,75,4.12,CA,1688946243
254,hasaki,35.7333,140.8333,31.27,83,74,3.17,JP,1688946243
255,tindouf,27.6711,-8.1474,35.25,18,40,6.17,DZ,1688945993
256,tvoroyri,61.5556,-6.8111,12.31,95,100,5.05,FO,1688946243
257,paraparaumu,-40.9167,175.0167,11.81,86,100,1.18,NZ,1688946244
258,sarakhs,36.5449,61.1577,26.61,22,0,1.76,IR,1688946244
259,saipan,15.1355,145.701,30.39,100,40,8.23,MP,1688946244
260,chivolo,10.025,-74.6228,25.53,89,27,2.36,CO,1688946244
261,serhetabat,35.2799,62.3438,22.92,25,0,1.59,TM,1688946244
262,port douglas,-16.4833,145.4667,22.95,68,100,6.37,AU,1688946245
263,sferracavallo,42.726,12.0956,26.35,75,0,0.64,IT,1688946245
264,yuma,32.7253,-114.6244,41.8,21,0,7.2,US,1688946245
265,leshan,29.5623,103.7639,27.51,75,100,0.6,CN,1688946245
266,shakawe,-18.3667,21.85,11.8,38,0,5.28,BW,1688946245
267,rapid valley,44.0625,-103.1463,29.77,43,0,3.13,US,1688946246
268,nema,57.5067,50.5011,17.49,99,100,2.16,RU,1688946246
269,nar'yan-mar,67.6713,53.087,5.86,88,100,2.84,RU,1688946079
270,lastoursville,-0.8143,12.7287,24.17,78,81,0.91,GA,1688946246
271,aykhal,66.0,111.5,22.9,44,24,8.3,RU,1688945964
272,cavelossim,15.1726,73.9419,25.99,89,82,2.64,IN,1688946247
273,wailea,19.8858,-155.123,27.47,69,75,2.57,US,1688946247
274,asosa,10.0667,34.5333,15.74,93,94,1.12,ET,1688946247
275,pacific grove,36.6177,-121.9166,24.66,74,20,5.14,US,1688946247
276,kovdor,67.5662,30.4758,6.41,77,35,0.45,RU,1688946248
277,cascais,38.6979,-9.4215,19.92,75,1,10.28,PT,1688946248
278,chonchi,-42.6128,-73.8092,5.07,94,30,0.99,CL,1688946248
279,manta,-0.95,-80.7333,26.88,78,75,8.05,EC,1688946152
280,les avirons,-21.2418,55.3394,19.05,60,0,4.12,RE,1688946248
281,las heras,-46.5419,-68.9359,-1.79,85,75,1.93,AR,1688946249
282,coron,11.9986,120.2043,28.95,77,99,1.37,PH,1688946249
283,san ciro de acosta,21.6333,-99.8167,28.97,55,62,6.0,MX,1688946249
284,antonio enes,-16.2325,39.9086,21.22,85,0,2.51,MZ,1688946249
285,ad dujayl,33.8467,44.2344,32.91,23,0,3.65,IQ,1688946249
286,kailua-kona,19.6406,-155.9956,27.98,71,75,5.14,US,1688946250
287,dar'a,32.6189,36.1021,21.25,82,0,2.77,SY,1688946250
288,bam,29.106,58.357,30.3,15,0,2.06,IR,1688946250
289,sitka,57.0531,-135.33,15.94,63,20,8.23,US,1688946250
290,turpan,42.9333,89.1667,31.06,32,99,3.96,CN,1688946002
291,san juan,-31.5375,-68.5364,11.8,68,100,2.78,AR,1688946251
292,bhattiprolu,16.1,80.7833,28.99,73,98,2.16,IN,1688946251
293,castillos,-34.1667,-53.8333,13.47,87,100,1.63,UY,1688946251
294,keflavik,64.0049,-22.5624,11.95,87,0,3.09,IS,1688946251
295,terrace,54.5163,-128.6035,27.95,47,75,6.17,CA,1688946251
296,fall river,41.7015,-71.1551,24.42,84,100,3.09,US,1688946252
297,luba,3.4568,8.5547,23.94,88,83,3.77,GQ,1688946252
298,guapiles,10.2159,-83.7866,28.18,97,99,0.06,CR,1688946252
299,arnprior,45.4334,-76.3494,24.88,75,100,1.52,CA,1688946252
300,fisterra,42.9049,-9.2629,14.86,82,1,0.88,ES,1688946253
301,santa marta de tormes,40.9506,-5.6272,19.43,46,0,1.79,ES,1688946253
302,punta arenas,-53.15,-70.9167,2.06,80,0,5.14,CL,1688946209
303,mashiko,36.4667,140.1,30.77,77,64,1.3,JP,1688946253
304,saint croix,17.7397,-64.7388,28.25,86,20,6.17,VI,1688946254
305,yangquan,37.8575,113.5633,29.92,29,65,1.58,CN,1688946254
306,deir ez-zor,35.3359,40.1408,28.75,44,0,7.93,SY,1688946254
307,rio bueno,-40.3167,-72.9667,6.08,98,86,1.05,CL,1688946254
308,maintirano,-18.0667,44.0167,20.95,88,22,2.98,MG,1688946254
309,vancouver,49.2497,-123.1193,26.83,52,20,6.17,CA,1688946128
310,eirunepe,-6.6603,-69.8736,24.11,84,19,1.36,BR,1688946255
311,sena madureira,-9.0656,-68.6569,25.69,69,15,0.67,BR,1688946256
312,kisangani,0.5167,25.2,21.74,87,67,0.87,CD,1688946256
313,santa vitoria,-18.8386,-50.1214,23.5,37,1,1.74,BR,1688946257
314,bikenibeu village,1.3673,173.1241,25.98,94,100,3.6,KI,1688946068
315,petropavlovka,50.6114,105.3196,19.53,71,35,0.62,RU,1688946258
316,juneau,58.3019,-134.4197,21.0,100,40,5.66,US,1688946258
317,rio grande,-32.035,-52.0986,15.53,87,67,4.05,BR,1688946258
318,vila franca do campo,37.7167,-25.4333,21.23,90,90,1.81,PT,1688946259
319,kaga bandoro,6.9896,19.1874,20.77,96,59,0.87,CF,1688946259
320,hadibu,12.65,54.0333,25.29,78,28,8.18,YE,1688946259
321,acapulco de juarez,16.8634,-99.8901,28.84,76,97,3.0,MX,1688946140
322,kafir qala,34.6667,61.0667,24.86,24,0,3.97,AF,1688946259
323,mersing,2.4312,103.8405,22.95,100,20,2.06,MY,1688946260
324,novodvinsk,64.4165,40.8122,4.76,87,88,2.53,RU,1688946246
325,el alto,-4.2714,-81.2147,22.81,81,15,7.49,PE,1688946261
326,kavaratti,10.5669,72.642,27.73,78,100,7.2,IN,1688945983
327,mountain home,43.133,-115.6912,36.75,15,20,2.06,US,1688946261
328,taoudenni,22.6783,-3.9836,39.4,10,5,5.33,ML,1688946261
329,salalah,17.0151,54.0924,26.05,100,100,1.54,OM,1688946262
330,tralee,52.2704,-9.7026,12.86,85,91,2.27,IE,1688946262
331,saint-francois,46.4154,3.9054,24.69,69,0,2.57,FR,1688946262
332,iron mountain,45.8202,-88.066,25.9,48,0,5.14,US,1688946262
333,altay,47.8667,88.1167,17.36,62,76,0.59,CN,1688946262
334,yarmouth,41.7057,-70.2286,24.26,90,100,2.57,US,1688946263
335,sisimiut,66.9395,-53.6735,8.36,85,100,1.16,GL,1688946263
336,ciudad lazaro cardenas,17.9583,-102.2,29.65,72,60,4.47,MX,1688946138
337,yemetsk,63.4721,41.7941,7.22,87,94,2.89,RU,1688946263
338,kargasok,59.0556,80.8572,15.59,82,22,2.22,RU,1688946263
339,kohlu,29.8962,69.252,26.04,65,2,0.72,PK,1688946264
340,chui,-33.6971,-53.4616,13.67,86,99,2.39,UY,1688946264
341,jalalabad,34.4265,70.4515,29.1,51,83,1.14,AF,1688946264
342,alenquer,-1.9417,-54.7383,27.04,68,59,1.77,BR,1688946265
343,vilyuchinsk,52.9306,158.4028,15.15,96,100,1.68,RU,1688946265
344,los altos,37.3852,-122.1141,25.14,64,0,7.2,US,1688946265
345,plastun,44.7561,136.2939,24.05,61,99,1.85,RU,1688946265
346,sinabang,2.4803,96.3801,25.74,83,100,2.3,ID,1688946265
347,khamis mushait,18.3064,42.7292,21.34,52,0,0.0,SA,1688946266
348,lincoln,40.8,-96.667,28.4,52,20,4.12,US,1688946240
349,jewar,28.1333,77.55,26.28,90,100,2.07,IN,1688946266
350,lascano,-33.6667,-54.2,13.86,82,100,2.54,UY,1688946266
351,bochum,51.4833,7.2167,21.38,91,100,0.89,DE,1688946266
352,kayangel,8.0823,134.7173,28.4,77,48,3.19,PW,1688946267
353,buala,-8.145,159.5921,28.18,77,100,4.26,SB,1688946068
354,massawa,15.6097,39.45,32.32,69,100,2.11,ER,1688946267
355,greer,34.9387,-82.2271,29.36,79,100,5.14,US,1688946267
356,sulak,43.2734,47.5146,23.13,85,41,13.86,RU,1688946268
357,challapata,-18.9,-66.7667,7.17,15,28,1.31,BO,1688946268
358,robertsport,6.7533,-11.3686,25.09,89,100,5.21,LR,1688946268
359,laguna,38.421,-121.4238,29.74,43,0,6.17,US,1688946268
360,talara,-4.5772,-81.2719,24.42,83,0,5.66,PE,1688946026
361,fortuna,40.5982,-124.1573,21.63,72,20,5.66,US,1688946269
362,prince rupert,54.3161,-130.3201,13.05,83,100,3.09,CA,1688946269
363,alakurtti,66.9672,30.3491,6.86,83,39,0.38,RU,1688946269
364,thunder bay,48.4001,-89.3168,22.99,60,75,3.6,CA,1688946269
365,bodaybo,57.8506,114.1933,23.64,58,51,0.76,RU,1688946270
366,prince george,53.9166,-122.753,31.81,32,0,0.45,CA,1688946270
367,belyy yar,53.6039,91.3903,17.94,77,0,2.0,RU,1688946270
368,nova xavantina,-14.6667,-52.35,23.07,36,7,0.98,BR,1688946271
369,penzance,50.1186,-5.5371,17.65,89,75,8.41,GB,1688946271
370,turiacu,-1.6633,-45.3717,23.44,96,31,1.52,BR,1688946271
371,baracoa,20.3467,-74.4958,27.24,84,52,1.77,CU,1688946271
372,poronaysk,49.2167,143.1167,16.91,89,80,2.6,RU,1688946272
373,puerto cabello,10.4731,-68.0125,29.75,85,28,5.4,VE,1688946272
374,gisborne,-38.6533,178.0042,12.19,89,100,3.76,NZ,1688946016
375,kota bharu,6.1333,102.2386,23.97,100,20,1.54,MY,1688946273
376,luderitz,-26.6481,15.1594,12.26,56,0,7.01,NA,1688946274
377,gunjur,13.2019,-16.7339,27.04,83,20,2.57,GM,1688946274
378,kill devil hills,36.0307,-75.676,24.01,92,75,0.0,US,1688946274
379,nizhneudinsk,54.9076,99.0276,18.42,86,85,0.99,RU,1688946247
380,ta`u,-14.2336,-169.5144,27.6,80,45,6.02,AS,1688946275
381,pikeville,37.4793,-82.5188,23.96,95,75,0.0,US,1688946275
382,hammerfest,70.6634,23.6821,8.25,81,25,1.03,NO,1688946275
383,china,25.7,-99.2333,37.51,36,1,11.86,MX,1688946275
384,maymana,35.9214,64.7836,24.21,22,0,1.86,AF,1688946275
385,tidjikja,18.5564,-11.4271,34.43,24,30,3.66,MR,1688946276
386,stantsiya novyy afon,43.0806,40.8383,21.13,90,100,2.39,GE,1688946276
387,tsiombe,-25.3,45.4833,19.03,74,29,1.56,MG,1688946276
388,bubaque,11.2833,-15.8333,27.7,83,91,4.99,GW,1688946276
389,sheridan,44.8333,-106.9173,29.14,36,0,1.54,US,1688946277
390,reyes,-14.3167,-67.3833,25.12,70,17,0.88,BO,1688946277
391,enewetak,11.3474,162.3373,28.07,80,100,6.01,MH,1688946277
392,waveland,30.2869,-89.3762,28.99,79,40,0.0,US,1688946277
393,mandera,3.9366,41.867,25.41,63,43,7.29,KE,1688946277
394,usinsk,65.9939,57.5281,7.31,87,100,4.52,RU,1688946278
395,labasa,-16.4167,179.3833,27.77,54,73,2.22,FJ,1688946278
396,xining,36.6167,101.7667,19.67,63,96,1.04,CN,1688946257
397,yinchuan,38.4681,106.2731,29.66,25,98,1.7,CN,1688946278
398,guerrero negro,27.9769,-114.0611,21.3,64,6,7.62,MX,1688946279
399,laishevo,55.4046,49.5504,26.12,69,100,4.14,RU,1688946279
400,sao vicente,-23.9631,-46.3919,21.66,26,100,2.87,BR,1688946280
401,howard springs,-12.497,131.047,24.95,78,75,4.27,AU,1688946280
402,okhotsk,59.3833,143.3,16.64,62,98,4.47,RU,1688946280
403,porto novo,6.4965,2.6036,25.9,93,100,2.13,BJ,1688946127
404,camana,-16.6228,-72.7111,17.42,83,19,4.02,PE,1688946067
405,soio,-6.1349,12.3689,20.61,88,47,2.45,AO,1688946281
406,mariehamn,60.0973,19.9348,14.9,100,0,1.03,AX,1688946070
407,la'ie,21.6477,-157.9253,28.98,62,73,2.24,US,1688946282
408,ancud,-41.8697,-73.8203,6.82,78,15,1.09,CL,1688946282
409,xique xique,-10.8217,-42.7311,26.07,49,21,2.36,BR,1688946283
410,kencong,-8.2833,113.3667,23.51,88,54,0.73,ID,1688946284
411,kapit,2.0167,112.9333,24.37,97,93,0.46,MY,1688946284
412,sipalay,9.75,122.5,27.6,80,90,1.55,PH,1688946284
413,kalkaman,51.9525,76.0211,20.75,55,89,2.5,KZ,1688946284
414,anna regina,7.2644,-58.5077,26.2,83,9,2.8,GY,1688946284
415,tazacorte,28.629,-17.9293,22.54,94,0,3.6,ES,1688946285
416,necochea,-38.5473,-58.7368,8.09,78,38,4.29,AR,1688946285
417,kolonia,50.9333,6.95,21.36,82,75,0.51,DE,1688946285
418,mawlaik,23.6333,94.4167,25.14,98,100,0.41,MM,1688946285
419,lorengau,-2.0226,147.2712,27.7,80,97,3.85,PG,1688946285
420,aksu,41.1231,80.2644,23.54,36,73,0.77,CN,1688946286
421,nuuk,64.1835,-51.7216,11.34,71,100,1.54,GL,1688946286
422,altagracia de orituco,9.8601,-66.3814,22.61,95,39,1.91,VE,1688946286
423,san luis,-33.295,-66.3356,10.18,92,62,4.02,AR,1688946248
424,martapura,-3.4167,114.85,24.05,100,14,0.51,ID,1688946287
425,vallenar,-28.5708,-70.7581,15.41,41,100,1.33,CL,1688946287
426,rio gallegos,-51.6226,-69.2181,-0.97,93,75,5.66,AR,1688946287
427,astanajapura,-6.8017,108.6311,25.66,84,57,2.35,ID,1688946288
428,sungai penuh,-2.0833,101.3833,18.29,96,99,1.36,ID,1688946288
429,kyaikto,17.3,97.0167,25.87,90,100,0.83,MM,1688946288
430,woodland park,40.8898,-74.1949,24.85,92,75,4.63,US,1688946289
431,quang ngai,15.1167,108.8,26.97,76,84,1.54,VN,1688946254
432,gaoual,11.75,-13.2,25.16,92,100,1.55,GN,1688946289
433,kangiwa,12.5521,3.8187,28.35,63,84,5.21,NG,1688946289
434,holualoa,19.6228,-155.9522,25.91,72,75,5.14,US,1688946066
435,kuanda,56.3161,116.0806,24.11,53,83,1.51,RU,1688946290
436,nichinan,31.6,131.3667,28.82,77,28,3.67,JP,1688946290
437,aksuat,48.7167,83.7,17.33,49,2,2.2,KZ,1688946290
438,pizarro,4.9533,-77.366,26.82,84,13,2.25,CO,1688946290
439,cheremshan,54.6667,51.5,22.82,59,100,5.41,RU,1688946290
440,salinas,36.6777,-121.6555,26.12,65,0,6.17,US,1688946291
441,ingeniero jacobacci,-41.3427,-69.5448,1.3,70,44,4.14,AR,1688946291
442,gua musang,4.8823,101.9644,23.42,99,100,0.55,MY,1688946291
443,brookings,44.3114,-96.7984,27.28,51,0,7.2,US,1688946292
444,leova,46.4786,28.2553,17.95,68,9,2.04,MD,1688946292
445,coahuayana de hidalgo,18.7,-103.6583,29.47,72,78,2.28,MX,1688946292
446,dawesville,30.9224,-84.0091,27.98,90,0,2.57,US,1688946292
447,yatou,37.15,122.3833,28.46,61,0,0.22,CN,1688946293
448,island harbour,50.724,-1.2758,16.07,90,83,5.08,GB,1688946293
449,nadym,65.5333,72.5167,11.11,96,100,3.71,RU,1688946293
450,yeppoon,-23.1333,150.7333,19.03,47,25,3.19,AU,1688946293
451,nuriootpa,-34.4833,139.0,11.42,67,87,4.81,AU,1688946293
452,saint-valery-en-caux,49.8667,0.7333,12.64,88,52,2.68,FR,1688946294
453,saratovskaya,44.7103,39.2244,20.44,88,100,2.91,RU,1688946294
454,bartica,6.4,-58.6167,28.18,97,15,1.34,GY,1688946294
455,tashtagol,52.7657,87.8894,14.49,95,39,0.76,RU,1688946294
456,mayya,61.7333,130.2811,18.62,51,93,3.57,RU,1688946295
457,aqadyr,48.2553,72.8483,18.52,43,15,2.12,KZ,1688946295
458,smithers,54.7804,-127.1743,23.18,68,75,3.09,CA,1688946295
459,ayaviri,-14.8864,-70.5889,8.07,23,1,1.08,PE,1688946295
460,murghob,38.1702,73.9667,9.44,41,100,1.5,TJ,1688946296
461,ardestan,33.3761,52.3694,28.61,14,0,1.52,IR,1688946296
462,novoselitskoye,44.7508,43.4369,19.92,90,100,3.03,RU,1688946296
463,sechura,-5.5569,-80.8222,23.72,72,16,7.54,PE,1688946296
464,ketchikan,55.3422,-131.6461,18.26,68,20,6.17,US,1688946296
465,muborak,39.2553,65.1528,26.9,25,0,6.43,UZ,1688946297
466,gadzhiyevo,69.2551,33.3362,5.27,85,33,1.16,RU,1688946297
467,severo-yeniseyskiy,60.3725,93.0408,15.69,98,100,2.83,RU,1688946297
468,vernon,50.2581,-119.2691,31.34,88,42,3.09,CA,1688946298
469,broken hill,-31.95,141.4333,11.41,65,0,0.61,AU,1688946080
470,dubbo,-32.25,148.6167,12.07,66,100,3.6,AU,1688946298
471,khandud,36.9513,72.318,12.13,49,98,0.62,AF,1688946298
472,aoulef,26.9667,1.0833,35.71,6,0,5.64,DZ,1688946298
473,amqui,48.4638,-67.4313,21.11,91,90,1.68,CA,1688946299
474,kanaya,34.8167,138.1333,27.71,83,20,5.66,JP,1688946299
475,dawei,14.0833,98.2,25.12,91,100,1.07,MM,1688946299
476,pitimbu,-7.4706,-34.8086,25.33,82,1,3.85,BR,1688946300
477,mokhsogollokh,61.4681,128.9203,21.46,46,66,4.51,RU,1688946300
478,mudgee,-32.5943,149.5871,10.44,64,0,2.71,AU,1688946300
479,kalmunai,7.4167,81.8167,26.13,81,100,2.2,LK,1688946300
480,fiche,9.8,38.7333,10.87,85,100,1.5,ET,1688946301
481,gomez farias,23.05,-99.15,31.85,57,7,3.63,MX,1688946301
482,calvinia,-31.4707,19.776,2.68,75,3,2.26,ZA,1688946301
483,kapuskasing,49.4169,-82.4331,22.05,43,75,5.14,CA,1688946301
484,riachao,-7.3619,-46.6172,28.76,37,74,0.49,BR,1688946302
485,notodden,59.5594,9.2585,17.06,78,91,0.64,NO,1688946302
486,stornoway,58.2093,-6.3865,13.38,88,5,0.51,GB,1688946302
487,pornic,47.1167,-2.1,16.21,93,27,2.57,FR,1688946302
488,tiszafoldvar,46.9833,20.25,22.01,63,0,3.09,HU,1688946303
489,kenai,60.5544,-151.2583,15.05,67,40,7.2,US,1688946048
490,sainyabuli,19.25,101.75,23.66,88,100,0.1,LA,1688946303
491,tadine,-21.55,167.8833,21.77,51,45,4.4,NC,1688946304
492,homer,59.6425,-151.5483,15.94,55,0,5.66,US,1688946304
493,north battleford,52.7834,-108.2847,28.56,44,0,6.17,CA,1688946304
494,palikir - national government center,6.9248,158.1611,30.47,74,75,1.54,FM,1688946304
495,chernyshevskiy,63.0128,112.4714,21.89,52,99,2.15,RU,1688946304
496,port augusta,-32.5,137.7667,13.02,62,52,2.77,AU,1688946305
497,lapeer,43.0514,-83.3188,25.88,47,0,1.54,US,1688946305
498,tsetserleg,47.475,101.4542,13.14,96,100,1.28,MN,1688946305
499,biloela,-24.4167,150.5,17.76,38,80,5.52,AU,1688946305
500,nhamunda,-2.1861,-56.7131,26.52,72,58,0.19,BR,1688946306
501,karratha,-20.7377,116.8463,18.2,36,11,7.22,AU,1688946306
502,huilong,31.8111,121.655,27.51,87,81,3.49,CN,1688946306
503,brokopondo,4.75,-55.1667,25.73,86,41,3.13,SR,1688946306
504,waimanalo,21.35,-157.7208,28.95,63,75,6.17,US,1688946306
505,lucheng,31.2336,117.2806,26.04,91,82,4.09,CN,1688946307
506,puerto madero,14.7208,-92.4215,26.17,84,95,4.84,MX,1688946307
507,la gomera,14.0833,-91.05,27.88,81,100,1.84,GT,1688946307
508,tuba city,36.135,-111.2399,34.53,12,51,10.83,US,1688946307
509,mukalla,14.5425,49.1242,30.46,78,72,3.93,YE,1688946308
510,stewartville,43.8555,-92.4885,26.99,43,0,6.69,US,1688946308
511,lata,40.1629,-8.3327,13.07,92,2,1.17,PT,1688946308
512,sao miguel do araguaia,-13.275,-50.1628,24.69,30,12,1.75,BR,1688946308
513,kasane,-17.8167,25.15,14.28,34,0,4.06,BW,1688946308
514,djougou,9.7085,1.666,22.61,92,100,2.25,BJ,1688946309
515,ngereklmadel,7.4883,134.4856,25.05,94,100,2.06,PW,1688946309
516,port saint john's,-31.6229,29.5448,13.93,74,90,8.75,ZA,1688946309
517,revda,56.801,59.9303,17.77,88,98,1.67,RU,1688946134
518,shanhecun,44.7,127.2,22.59,81,100,3.2,CN,1688946309
519,dudinka,69.4058,86.1778,10.9,77,100,5.21,RU,1688946293
520,zouerate,22.7187,-12.4521,32.89,18,6,7.82,MR,1688946310
521,pokhara,28.2333,83.9833,23.27,92,95,0.86,NP,1688946310
522,la passe,45.5549,-0.8967,18.32,88,66,2.5,FR,1688946310
523,lakhtar,22.85,71.7833,26.93,89,100,4.53,IN,1688946310
524,harstad,68.799,16.5293,12.11,100,74,0.89,NO,1688946311
525,patong,7.8961,98.2966,28.34,99,100,4.16,TH,1688946311
526,udobnaya,44.1932,41.5529,17.42,94,100,1.65,RU,1688946311
527,kualakapuas,-3.0091,114.3876,25.0,85,36,1.5,ID,1688946311
528,bayanhongor,46.7167,100.1167,15.49,61,84,2.38,MN,1688946311
529,mili,6.0815,171.735,28.11,77,80,7.51,MH,1688946196
530,marka,1.7159,44.7717,24.85,84,73,7.96,SO,1688946313
531,papao,-17.75,-149.55,27.82,83,87,11.53,PF,1688946313
532,yuanping,38.7153,112.7575,26.58,33,98,0.27,CN,1688946313
533,dzuunmod,48.2199,97.3744,14.14,69,81,1.17,MN,1688946313
534,stephenville,32.2207,-98.2023,36.53,38,0,3.09,US,1688946314
535,zheleznogorsk-ilimskiy,56.5768,104.1217,16.71,95,100,1.94,RU,1688946314
536,mejit,10.2753,170.8646,28.39,78,99,8.21,MH,1688946314
537,dalnegorsk,44.5604,135.5701,27.67,46,97,1.21,RU,1688946314
538,sidi okba,34.7451,5.8983,40.16,12,0,7.72,DZ,1688946128
539,glendive,47.1053,-104.7125,33.79,22,0,5.66,US,1688946315
540,totness,5.8833,-56.3167,25.16,89,62,3.02,SR,1688946315
541,selfoss,63.9331,-20.9971,13.36,80,97,2.55,IS,1688946315
542,san felipe,10.3399,-68.7425,22.86,98,47,0.93,VE,1688946315
543,chegdomyn,51.1167,133.0167,24.78,63,82,0.39,RU,1688946315
544,minab,27.1467,57.0801,31.82,67,0,1.03,IR,1688946316
545,juan l. lacaze,-34.4333,-57.4167,13.99,94,86,1.83,UY,1688946316
546,itaituba,-4.2761,-55.9836,27.16,64,46,0.11,BR,1688946035
547,murun-kuren,49.6342,100.1625,16.85,72,97,0.59,MN,1688946316
548,kristiansund,63.1115,7.732,16.36,77,63,1.54,NO,1688946316
549,farshut,26.0549,32.1633,29.05,30,4,5.51,EG,1688946317
550,pearsall,28.8922,-99.095,40.9,24,3,6.2,US,1688946317
551,hami,42.8,93.45,26.56,35,99,5.67,CN,1688946317
552,deqen,29.9618,90.7188,12.8,82,100,1.03,CN,1688946317
553,ashburton,-37.8626,145.0794,13.68,73,100,2.68,AU,1688946319
554,floro,61.5996,5.0328,19.04,82,64,0.51,NO,1688946319
555,watford city,47.8022,-103.2832,32.92,22,0,7.2,US,1688946319
